<?xml version="1.0" encoding="UTF-8"?> 
<entity-mappings xmlns="http://java.sun.com/xml/ns/persistence/orm" 
	xmlns:xsi="http://www.w3.org/2001/XMLSchema-instance" 
	xsi:schemaLocation="http://java.sun.com/xml/ns/persistence/orm http://java.sun.com/xml/ns/persistence/orm_1_0.xsd" 
	version="1.0"> 
    <mapped-superclass class="es.mdef.ejemplo001.support.Empleado" access="FIELD">
        <attributes> 
            <id name="id"> 
                <generated-value strategy="IDENTITY"/> 
            </id> 
            <basic name="nombre"/>
            <basic name="role"/>
        </attributes>
     </mapped-superclass>
</entity-mappings>