<?xml version="1.0" encoding="UTF-8"?> 
<entity-mappings xmlns="http://java.sun.com/xml/ns/persistence/orm" 
	xmlns:xsi="http://www.w3.org/2001/XMLSchema-instance" 
	xsi:schemaLocation="http://java.sun.com/xml/ns/persistence/orm http://java.sun.com/xml/ns/persistence/orm_1_0.xsd" 
	version="1.0"> 
    <entity class="es.mdef.gestionpedidosXML.entidades.Articulo" access="FIELD">
		<table name="ARTICULOS"/>
		<inheritance strategy="SINGLE_TABLE"/>
		<discriminator-value>null</discriminator-value>
		<discriminator-column name="tipo_articulo" discriminator-type="CHAR"/>
        <attributes> 
            <id name="id"> 
                <generated-value strategy="IDENTITY"/> 
            </id> 
            <basic name="nombre" optional="false"/>
            <one-to-many name="pedidos" mapped-by="articulo"/>
        </attributes>
     </entity>
</entity-mappings>