<?xml version="1.0" encoding="UTF-8"?> 
<entity-mappings xmlns="http://java.sun.com/xml/ns/persistence/orm" 
	xmlns:xsi="http://www.w3.org/2001/XMLSchema-instance" 
	xsi:schemaLocation="http://java.sun.com/xml/ns/persistence/orm http://java.sun.com/xml/ns/persistence/orm_1_0.xsd" 
	version="1.0"> 
    <entity class="es.mdef.gestionpedidosXML.entidades.Empleado" access="FIELD">
		<table name="EMPLEADOS"/>
        <attributes>
            <basic name="username" optional="false">
				<column name="nombre_usuario" unique="true"/>
			</basic>
            <basic name="password" optional="false">
				<column name="password"/>
			</basic>
			<basic name="username" optional="false">
				<column name="nombre_usuario" unique="true"/>
			</basic>
			<basic name="accountNonExpired">
				<column name="cuenta_activa"/>
			</basic>
			<basic name="accountNonLocked">
				<column name="cuenta_desbloqueada"/>
			</basic>
			<basic name="credentialsNonExpired">
				<column name="credenciales_activas"/>
			</basic>
			<basic name="enabled">
				<column name="habilitada"/>
			</basic>
			<one-to-many name="pedidos" mapped-by="empleado"/>
        </attributes>
     </entity>
</entity-mappings>