<?xml version="1.0" encoding="UTF-8"?> 
<entity-mappings xmlns="http://java.sun.com/xml/ns/persistence/orm" 
	xmlns:xsi="http://www.w3.org/2001/XMLSchema-instance" 
	xsi:schemaLocation="http://java.sun.com/xml/ns/persistence/orm http://java.sun.com/xml/ns/persistence/orm_1_0.xsd" 
	version="1.0"> 
    <entity class="es.mdef.gestionpedidosXML.entidades.Pack" access="FIELD">
		<discriminator-value>P</discriminator-value>
        <attributes>
            <basic name="unidades"/>
            <basic name="tipo"/>
        </attributes>
     </entity>
</entity-mappings>