<?xml version="1.0" encoding="UTF-8"?> 
<entity-mappings xmlns="http://java.sun.com/xml/ns/persistence/orm" 
	xmlns:xsi="http://www.w3.org/2001/XMLSchema-instance" 
	xsi:schemaLocation="http://java.sun.com/xml/ns/persistence/orm http://java.sun.com/xml/ns/persistence/orm_1_0.xsd" 
	version="1.0"> 
    <entity class="es.mdef.gestionpedidosXML.entidades.Pedido" access="FIELD">
		<table name="PEDIDOS"/>
        <attributes> 
            <id name="id"> 
                <generated-value strategy="IDENTITY"/> 
            </id> 
            <basic name="descripcion" optional="false"/>
            <basic name="estado"/>
            <many-to-one name="articulo" fetch="LAZY" optional="false">
				<join-column name="ArticuloId"/>
			</many-to-one>
			<many-to-one name="empleado" fetch="LAZY" optional="false">
				<join-column name="EmpleadoId"/>
			</many-to-one>
        </attributes>
     </entity>
</entity-mappings>